Image_1,Image_2,Human Preference
img1009.png,img103.png,0
img1009.png,img1064.png,0
img1009.png,img110.png,0
img1009.png,img1119.png,0
img1009.png,img1189.png,1
img1009.png,img1208.png,1
img1009.png,img14.png,0
img1009.png,img1401.png,1
img1009.png,img1423.png,0
img1009.png,img1429.png,0
img1009.png,img1451.png,1
img1009.png,img1498.png,1
img1009.png,img1506.png,1
img1009.png,img1511.png,0
img1009.png,img1572.png,1
img1009.png,img1686.png,0
img1009.png,img1766.png,0
img1009.png,img1812.png,0
img1009.png,img1916.png,1
img1009.png,img2082.png,1
img1009.png,img2236.png,1
img1009.png,img2291.png,1
img1009.png,img2320.png,0
img1009.png,img2389.png,1
img1009.png,img2496.png,0
img1009.png,img2613.png,1
img1009.png,img2869.png,1
img1009.png,img2969.png,0
img1009.png,img3090.png,1
img1009.png,img3135.png,1
img1009.png,img3232.png,1
img1009.png,img3488.png,1
img1009.png,img3506.png,1
img1009.png,img375.png,0
img1009.png,img3843.png,1
img1009.png,img3907.png,1
img1009.png,img3979.png,1
img1009.png,img4048.png,1
img1009.png,img4147.png,1
img1009.png,img4433.png,1
img1009.png,img4590.png,1
img1009.png,img5057.png,1
img1009.png,img5173.png,1
img1009.png,img5180.png,1
img1009.png,img5249.png,1
img1009.png,img5279.png,1
img1009.png,img5366.png,1
img1009.png,img5367.png,1
img1009.png,img5527.png,1
img1009.png,img574.png,0
img1009.png,img597.png,0
img1009.png,img723.png,0
img1009.png,img759.png,0
img1009.png,img977.png,0
img103.png,img1064.png,1
img103.png,img110.png,1
img103.png,img1119.png,1
img103.png,img1189.png,1
img103.png,img1208.png,1
img103.png,img14.png,1
img103.png,img1401.png,1
img103.png,img1423.png,1
img103.png,img1429.png,1
img103.png,img1451.png,1
img103.png,img1498.png,1
img103.png,img1506.png,1
img103.png,img1511.png,1
img103.png,img1572.png,1
img103.png,img1686.png,1
img103.png,img1766.png,1
img103.png,img1812.png,1
img103.png,img1916.png,1
img103.png,img2082.png,1
img103.png,img2236.png,1
img103.png,img2291.png,1
img103.png,img2320.png,1
img103.png,img2389.png,1
img103.png,img2496.png,1
img103.png,img2613.png,1
img103.png,img2869.png,1
img103.png,img2969.png,1
img103.png,img3090.png,1
img103.png,img3135.png,1
img103.png,img3232.png,1
img103.png,img3488.png,1
img103.png,img3506.png,1
img103.png,img375.png,1
img103.png,img3843.png,1
img103.png,img3907.png,1
img103.png,img3979.png,1
img103.png,img4048.png,1
img103.png,img4147.png,1
img103.png,img4433.png,1
img103.png,img4590.png,1
img103.png,img5057.png,1
img103.png,img5173.png,1
img103.png,img5180.png,1
img103.png,img5249.png,1
img103.png,img5279.png,1
img103.png,img5366.png,1
img103.png,img5367.png,1
img103.png,img5527.png,1
img103.png,img574.png,1
img103.png,img597.png,1
img103.png,img723.png,1
img103.png,img759.png,1
img103.png,img977.png,1
img1064.png,img110.png,0
img1064.png,img1119.png,1
img1064.png,img1189.png,1
img1064.png,img1208.png,1
img1064.png,img14.png,0
img1064.png,img1401.png,1
img1064.png,img1423.png,0
img1064.png,img1429.png,0
img1064.png,img1451.png,1
img1064.png,img1498.png,1
img1064.png,img1506.png,0
img1064.png,img1511.png,0
img1064.png,img1572.png,0
img1064.png,img1686.png,0
img1064.png,img1766.png,1
img1064.png,img1812.png,1
img1064.png,img1916.png,1
img1064.png,img2082.png,0
img1064.png,img2236.png,0
img1064.png,img2291.png,1
img1064.png,img2320.png,1
img1064.png,img2389.png,1
img1064.png,img2496.png,1
img1064.png,img2613.png,1
img1064.png,img2869.png,1
img1064.png,img2969.png,1
img1064.png,img3090.png,1
img1064.png,img3135.png,1
img1064.png,img3232.png,1
img1064.png,img3488.png,1
img1064.png,img3506.png,1
img1064.png,img375.png,0
img1064.png,img3843.png,1
img1064.png,img3907.png,1
img1064.png,img3979.png,1
img1064.png,img4048.png,1
img1064.png,img4147.png,1
img1064.png,img4433.png,1
img1064.png,img4590.png,1
img1064.png,img5057.png,1
img1064.png,img5173.png,1
img1064.png,img5180.png,1
img1064.png,img5249.png,1
img1064.png,img5279.png,1
img1064.png,img5366.png,1
img1064.png,img5367.png,1
img1064.png,img5527.png,1
img1064.png,img574.png,1
img1064.png,img597.png,0
img1064.png,img723.png,0
img1064.png,img759.png,1
img1064.png,img977.png,1
img110.png,img1119.png,1
img110.png,img1189.png,1
img110.png,img1208.png,1
img110.png,img14.png,1
img110.png,img1401.png,1
img110.png,img1423.png,1
img110.png,img1429.png,1
img110.png,img1451.png,1
img110.png,img1498.png,1
img110.png,img1506.png,1
img110.png,img1511.png,1
img110.png,img1572.png,1
img110.png,img1686.png,1
img110.png,img1766.png,1
img110.png,img1812.png,1
img110.png,img1916.png,1
img110.png,img2082.png,1
img110.png,img2236.png,1
img110.png,img2291.png,1
img110.png,img2320.png,1
img110.png,img2389.png,1
img110.png,img2496.png,1
img110.png,img2613.png,1
img110.png,img2869.png,1
img110.png,img2969.png,1
img110.png,img3090.png,1
img110.png,img3135.png,1
img110.png,img3232.png,1
img110.png,img3488.png,1
img110.png,img3506.png,1
img110.png,img375.png,1
img110.png,img3843.png,1
img110.png,img3907.png,1
img110.png,img3979.png,1
img110.png,img4048.png,1
img110.png,img4147.png,1
img110.png,img4433.png,1
img110.png,img4590.png,1
img110.png,img5057.png,1
img110.png,img5173.png,1
img110.png,img5180.png,1
img110.png,img5249.png,1
img110.png,img5279.png,1
img110.png,img5366.png,1
img110.png,img5367.png,1
img110.png,img5527.png,1
img110.png,img574.png,1
img110.png,img597.png,1
img110.png,img723.png,1
img110.png,img759.png,1
img110.png,img977.png,1
img1119.png,img1189.png,1
img1119.png,img1208.png,1
img1119.png,img14.png,0
img1119.png,img1401.png,1
img1119.png,img1423.png,1
img1119.png,img1429.png,1
img1119.png,img1451.png,1
img1119.png,img1498.png,1
img1119.png,img1506.png,1
img1119.png,img1511.png,0
img1119.png,img1572.png,1
img1119.png,img1686.png,1
img1119.png,img1766.png,1
img1119.png,img1812.png,1
img1119.png,img1916.png,1
img1119.png,img2082.png,1
img1119.png,img2236.png,1
img1119.png,img2291.png,1
img1119.png,img2320.png,1
img1119.png,img2389.png,1
img1119.png,img2496.png,1
img1119.png,img2613.png,1
img1119.png,img2869.png,1
img1119.png,img2969.png,1
img1119.png,img3090.png,1
img1119.png,img3135.png,1
img1119.png,img3232.png,1
img1119.png,img3488.png,1
img1119.png,img3506.png,1
img1119.png,img375.png,0
img1119.png,img3843.png,1
img1119.png,img3907.png,1
img1119.png,img3979.png,1
img1119.png,img4048.png,1
img1119.png,img4147.png,1
img1119.png,img4433.png,1
img1119.png,img4590.png,1
img1119.png,img5057.png,1
img1119.png,img5173.png,1
img1119.png,img5180.png,1
img1119.png,img5249.png,1
img1119.png,img5279.png,1
img1119.png,img5366.png,1
img1119.png,img5367.png,1
img1119.png,img5527.png,1
img1119.png,img574.png,0
img1119.png,img597.png,0
img1119.png,img723.png,0
img1119.png,img759.png,0
img1119.png,img977.png,1
img1189.png,img1208.png,1
img1189.png,img14.png,0
img1189.png,img1401.png,0
img1189.png,img1423.png,0
img1189.png,img1429.png,0
img1189.png,img1451.png,0
img1189.png,img1498.png,1
img1189.png,img1506.png,0
img1189.png,img1511.png,0
img1189.png,img1572.png,0
img1189.png,img1686.png,0
img1189.png,img1766.png,0
img1189.png,img1812.png,0
img1189.png,img1916.png,1
img1189.png,img2082.png,1
img1189.png,img2236.png,1
img1189.png,img2291.png,1
img1189.png,img2320.png,0
img1189.png,img2389.png,0
img1189.png,img2496.png,1
img1189.png,img2613.png,1
img1189.png,img2869.png,1
img1189.png,img2969.png,0
img1189.png,img3090.png,0
img1189.png,img3135.png,1
img1189.png,img3232.png,1
img1189.png,img3488.png,1
img1189.png,img3506.png,1
img1189.png,img375.png,0
img1189.png,img3843.png,1
img1189.png,img3907.png,1
img1189.png,img3979.png,1
img1189.png,img4048.png,0
img1189.png,img4147.png,1
img1189.png,img4433.png,1
img1189.png,img4590.png,1
img1189.png,img5057.png,1
img1189.png,img5173.png,1
img1189.png,img5180.png,1
img1189.png,img5249.png,1
img1189.png,img5279.png,1
img1189.png,img5366.png,1
img1189.png,img5367.png,1
img1189.png,img5527.png,1
img1189.png,img574.png,0
img1189.png,img597.png,0
img1189.png,img723.png,0
img1189.png,img759.png,0
img1189.png,img977.png,0
img1208.png,img14.png,0
img1208.png,img1401.png,0
img1208.png,img1423.png,0
img1208.png,img1429.png,0
img1208.png,img1451.png,0
img1208.png,img1498.png,1
img1208.png,img1506.png,0
img1208.png,img1511.png,0
img1208.png,img1572.png,0
img1208.png,img1686.png,0
img1208.png,img1766.png,0
img1208.png,img1812.png,0
img1208.png,img1916.png,0
img1208.png,img2082.png,0
img1208.png,img2236.png,0
img1208.png,img2291.png,0
img1208.png,img2320.png,0
img1208.png,img2389.png,0
img1208.png,img2496.png,0
img1208.png,img2613.png,0
img1208.png,img2869.png,0
img1208.png,img2969.png,0
img1208.png,img3090.png,0
img1208.png,img3135.png,0
img1208.png,img3232.png,0
img1208.png,img3488.png,0
img1208.png,img3506.png,0
img1208.png,img375.png,0
img1208.png,img3843.png,0
img1208.png,img3907.png,0
img1208.png,img3979.png,0
img1208.png,img4048.png,0
img1208.png,img4147.png,0
img1208.png,img4433.png,0
img1208.png,img4590.png,0
img1208.png,img5057.png,0
img1208.png,img5173.png,0
img1208.png,img5180.png,0
img1208.png,img5249.png,0
img1208.png,img5279.png,0
img1208.png,img5366.png,0
img1208.png,img5367.png,0
img1208.png,img5527.png,0
img1208.png,img574.png,0
img1208.png,img597.png,0
img1208.png,img723.png,0
img1208.png,img759.png,0
img1208.png,img977.png,0
img14.png,img1401.png,1
img14.png,img1423.png,1
img14.png,img1429.png,1
img14.png,img1451.png,1
img14.png,img1498.png,1
img14.png,img1506.png,1
img14.png,img1511.png,1
img14.png,img1572.png,1
img14.png,img1686.png,1
img14.png,img1766.png,1
img14.png,img1812.png,1
img14.png,img1916.png,1
img14.png,img2082.png,1
img14.png,img2236.png,1
img14.png,img2291.png,1
img14.png,img2320.png,1
img14.png,img2389.png,1
img14.png,img2496.png,1
img14.png,img2613.png,1
img14.png,img2869.png,1
img14.png,img2969.png,1
img14.png,img3090.png,1
img14.png,img3135.png,1
img14.png,img3232.png,1
img14.png,img3488.png,1
img14.png,img3506.png,1
img14.png,img375.png,1
img14.png,img3843.png,1
img14.png,img3907.png,1
img14.png,img3979.png,1
img14.png,img4048.png,1
img14.png,img4147.png,1
img14.png,img4433.png,1
img14.png,img4590.png,1
img14.png,img5057.png,1
img14.png,img5173.png,1
img14.png,img5180.png,1
img14.png,img5249.png,1
img14.png,img5279.png,1
img14.png,img5366.png,1
img14.png,img5367.png,1
img14.png,img5527.png,1
img14.png,img574.png,1
img14.png,img597.png,1
img14.png,img723.png,1
img14.png,img759.png,1
img14.png,img977.png,1
img1401.png,img1423.png,0
img1401.png,img1429.png,1
img1401.png,img1451.png,1
img1401.png,img1498.png,1
img1401.png,img1506.png,0
img1401.png,img1511.png,0
img1401.png,img1572.png,0
img1401.png,img1686.png,0
img1401.png,img1766.png,0
img1401.png,img1812.png,0
img1401.png,img1916.png,1
img1401.png,img2082.png,0
img1401.png,img2236.png,1
img1401.png,img2291.png,1
img1401.png,img2320.png,0
img1401.png,img2389.png,1
img1401.png,img2496.png,0
img1401.png,img2613.png,1
img1401.png,img2869.png,1
img1401.png,img2969.png,0
img1401.png,img3090.png,1
img1401.png,img3135.png,1
img1401.png,img3232.png,1
img1401.png,img3488.png,1
img1401.png,img3506.png,1
img1401.png,img375.png,0
img1401.png,img3843.png,1
img1401.png,img3907.png,1
img1401.png,img3979.png,1
img1401.png,img4048.png,1
img1401.png,img4147.png,1
img1401.png,img4433.png,1
img1401.png,img4590.png,1
img1401.png,img5057.png,1
img1401.png,img5173.png,1
img1401.png,img5180.png,1
img1401.png,img5249.png,1
img1401.png,img5279.png,1
img1401.png,img5366.png,1
img1401.png,img5367.png,1
img1401.png,img5527.png,1
img1401.png,img574.png,0
img1401.png,img597.png,0
img1401.png,img723.png,0
img1401.png,img759.png,0
img1401.png,img977.png,0
img1423.png,img1429.png,0
img1423.png,img1451.png,1
img1423.png,img1498.png,1
img1423.png,img1506.png,0
img1423.png,img1511.png,0
img1423.png,img1572.png,0
img1423.png,img1686.png,0
img1423.png,img1766.png,1
img1423.png,img1812.png,0
img1423.png,img1916.png,1
img1423.png,img2082.png,0
img1423.png,img2236.png,1
img1423.png,img2291.png,1
img1423.png,img2320.png,1
img1423.png,img2389.png,1
img1423.png,img2496.png,1
img1423.png,img2613.png,1
img1423.png,img2869.png,1
img1423.png,img2969.png,1
img1423.png,img3090.png,1
img1423.png,img3135.png,1
img1423.png,img3232.png,1
img1423.png,img3488.png,1
img1423.png,img3506.png,1
img1423.png,img375.png,0
img1423.png,img3843.png,1
img1423.png,img3907.png,1
img1423.png,img3979.png,1
img1423.png,img4048.png,1
img1423.png,img4147.png,1
img1423.png,img4433.png,1
img1423.png,img4590.png,1
img1423.png,img5057.png,1
img1423.png,img5173.png,1
img1423.png,img5180.png,1
img1423.png,img5249.png,1
img1423.png,img5279.png,1
img1423.png,img5366.png,1
img1423.png,img5367.png,1
img1423.png,img5527.png,1
img1423.png,img574.png,1
img1423.png,img597.png,1
img1423.png,img723.png,0
img1423.png,img759.png,0
img1423.png,img977.png,1
img1429.png,img1451.png,1
img1429.png,img1498.png,1
img1429.png,img1506.png,0
img1429.png,img1511.png,0
img1429.png,img1572.png,0
img1429.png,img1686.png,0
img1429.png,img1766.png,0
img1429.png,img1812.png,0
img1429.png,img1916.png,1
img1429.png,img2082.png,1
img1429.png,img2236.png,1
img1429.png,img2291.png,1
img1429.png,img2320.png,1
img1429.png,img2389.png,1
img1429.png,img2496.png,1
img1429.png,img2613.png,1
img1429.png,img2869.png,1
img1429.png,img2969.png,0
img1429.png,img3090.png,1
img1429.png,img3135.png,0
img1429.png,img3232.png,1
img1429.png,img3488.png,1
img1429.png,img3506.png,1
img1429.png,img375.png,0
img1429.png,img3843.png,1
img1429.png,img3907.png,1
img1429.png,img3979.png,1
img1429.png,img4048.png,1
img1429.png,img4147.png,1
img1429.png,img4433.png,1
img1429.png,img4590.png,1
img1429.png,img5057.png,1
img1429.png,img5173.png,1
img1429.png,img5180.png,1
img1429.png,img5249.png,1
img1429.png,img5279.png,1
img1429.png,img5366.png,1
img1429.png,img5367.png,1
img1429.png,img5527.png,1
img1429.png,img574.png,1
img1429.png,img597.png,0
img1429.png,img723.png,0
img1429.png,img759.png,0
img1429.png,img977.png,1
img1451.png,img1498.png,1
img1451.png,img1506.png,0
img1451.png,img1511.png,0
img1451.png,img1572.png,0
img1451.png,img1686.png,0
img1451.png,img1766.png,0
img1451.png,img1812.png,0
img1451.png,img1916.png,0
img1451.png,img2082.png,0
img1451.png,img2236.png,1
img1451.png,img2291.png,0
img1451.png,img2320.png,0
img1451.png,img2389.png,0
img1451.png,img2496.png,1
img1451.png,img2613.png,1
img1451.png,img2869.png,1
img1451.png,img2969.png,0
img1451.png,img3090.png,1
img1451.png,img3135.png,1
img1451.png,img3232.png,1
img1451.png,img3488.png,0
img1451.png,img3506.png,0
img1451.png,img375.png,0
img1451.png,img3843.png,1
img1451.png,img3907.png,1
img1451.png,img3979.png,0
img1451.png,img4048.png,0
img1451.png,img4147.png,1
img1451.png,img4433.png,1
img1451.png,img4590.png,1
img1451.png,img5057.png,1
img1451.png,img5173.png,1
img1451.png,img5180.png,1
img1451.png,img5249.png,1
img1451.png,img5279.png,1
img1451.png,img5366.png,1
img1451.png,img5367.png,1
img1451.png,img5527.png,1
img1451.png,img574.png,0
img1451.png,img597.png,0
img1451.png,img723.png,0
img1451.png,img759.png,0
img1451.png,img977.png,0
img1498.png,img1506.png,0
img1498.png,img1511.png,0
img1498.png,img1572.png,0
img1498.png,img1686.png,0
img1498.png,img1766.png,0
img1498.png,img1812.png,0
img1498.png,img1916.png,0
img1498.png,img2082.png,0
img1498.png,img2236.png,0
img1498.png,img2291.png,0
img1498.png,img2320.png,0
img1498.png,img2389.png,0
img1498.png,img2496.png,0
img1498.png,img2613.png,0
img1498.png,img2869.png,0
img1498.png,img2969.png,0
img1498.png,img3090.png,0
img1498.png,img3135.png,0
img1498.png,img3232.png,0
img1498.png,img3488.png,0
img1498.png,img3506.png,0
img1498.png,img375.png,0
img1498.png,img3843.png,0
img1498.png,img3907.png,0
img1498.png,img3979.png,0
img1498.png,img4048.png,0
img1498.png,img4147.png,0
img1498.png,img4433.png,0
img1498.png,img4590.png,0
img1498.png,img5057.png,0
img1498.png,img5173.png,0
img1498.png,img5180.png,0
img1498.png,img5249.png,0
img1498.png,img5279.png,0
img1498.png,img5366.png,0
img1498.png,img5367.png,0
img1498.png,img5527.png,0
img1498.png,img574.png,0
img1498.png,img597.png,0
img1498.png,img723.png,0
img1498.png,img759.png,0
img1498.png,img977.png,0
img1506.png,img1511.png,0
img1506.png,img1572.png,1
img1506.png,img1686.png,1
img1506.png,img1766.png,1
img1506.png,img1812.png,1
img1506.png,img1916.png,1
img1506.png,img2082.png,1
img1506.png,img2236.png,1
img1506.png,img2291.png,1
img1506.png,img2320.png,1
img1506.png,img2389.png,1
img1506.png,img2496.png,1
img1506.png,img2613.png,1
img1506.png,img2869.png,1
img1506.png,img2969.png,1
img1506.png,img3090.png,1
img1506.png,img3135.png,1
img1506.png,img3232.png,1
img1506.png,img3488.png,1
img1506.png,img3506.png,1
img1506.png,img375.png,0
img1506.png,img3843.png,1
img1506.png,img3907.png,1
img1506.png,img3979.png,1
img1506.png,img4048.png,1
img1506.png,img4147.png,1
img1506.png,img4433.png,1
img1506.png,img4590.png,1
img1506.png,img5057.png,1
img1506.png,img5173.png,1
img1506.png,img5180.png,1
img1506.png,img5249.png,1
img1506.png,img5279.png,1
img1506.png,img5366.png,1
img1506.png,img5367.png,1
img1506.png,img5527.png,1
img1506.png,img574.png,1
img1506.png,img597.png,0
img1506.png,img723.png,0
img1506.png,img759.png,1
img1506.png,img977.png,0
img1511.png,img1572.png,1
img1511.png,img1686.png,1
img1511.png,img1766.png,1
img1511.png,img1812.png,1
img1511.png,img1916.png,1
img1511.png,img2082.png,1
img1511.png,img2236.png,1
img1511.png,img2291.png,1
img1511.png,img2320.png,1
img1511.png,img2389.png,1
img1511.png,img2496.png,1
img1511.png,img2613.png,1
img1511.png,img2869.png,1
img1511.png,img2969.png,1
img1511.png,img3090.png,1
img1511.png,img3135.png,1
img1511.png,img3232.png,1
img1511.png,img3488.png,1
img1511.png,img3506.png,1
img1511.png,img375.png,1
img1511.png,img3843.png,1
img1511.png,img3907.png,1
img1511.png,img3979.png,1
img1511.png,img4048.png,1
img1511.png,img4147.png,1
img1511.png,img4433.png,1
img1511.png,img4590.png,1
img1511.png,img5057.png,1
img1511.png,img5173.png,1
img1511.png,img5180.png,1
img1511.png,img5249.png,1
img1511.png,img5279.png,1
img1511.png,img5366.png,1
img1511.png,img5367.png,1
img1511.png,img5527.png,1
img1511.png,img574.png,1
img1511.png,img597.png,1
img1511.png,img723.png,0
img1511.png,img759.png,1
img1511.png,img977.png,1
img1572.png,img1686.png,0
img1572.png,img1766.png,1
img1572.png,img1812.png,0
img1572.png,img1916.png,1
img1572.png,img2082.png,1
img1572.png,img2236.png,1
img1572.png,img2291.png,1
img1572.png,img2320.png,1
img1572.png,img2389.png,1
img1572.png,img2496.png,1
img1572.png,img2613.png,1
img1572.png,img2869.png,1
img1572.png,img2969.png,1
img1572.png,img3090.png,1
img1572.png,img3135.png,1
img1572.png,img3232.png,1
img1572.png,img3488.png,1
img1572.png,img3506.png,1
img1572.png,img375.png,0
img1572.png,img3843.png,1
img1572.png,img3907.png,1
img1572.png,img3979.png,1
img1572.png,img4048.png,1
img1572.png,img4147.png,1
img1572.png,img4433.png,1
img1572.png,img4590.png,1
img1572.png,img5057.png,1
img1572.png,img5173.png,1
img1572.png,img5180.png,1
img1572.png,img5249.png,1
img1572.png,img5279.png,1
img1572.png,img5366.png,1
img1572.png,img5367.png,1
img1572.png,img5527.png,1
img1572.png,img574.png,0
img1572.png,img597.png,0
img1572.png,img723.png,0
img1572.png,img759.png,1
img1572.png,img977.png,1
img1686.png,img1766.png,0
img1686.png,img1812.png,0
img1686.png,img1916.png,1
img1686.png,img2082.png,1
img1686.png,img2236.png,1
img1686.png,img2291.png,1
img1686.png,img2320.png,1
img1686.png,img2389.png,1
img1686.png,img2496.png,1
img1686.png,img2613.png,1
img1686.png,img2869.png,1
img1686.png,img2969.png,1
img1686.png,img3090.png,1
img1686.png,img3135.png,1
img1686.png,img3232.png,1
img1686.png,img3488.png,1
img1686.png,img3506.png,1
img1686.png,img375.png,0
img1686.png,img3843.png,1
img1686.png,img3907.png,1
img1686.png,img3979.png,1
img1686.png,img4048.png,1
img1686.png,img4147.png,1
img1686.png,img4433.png,1
img1686.png,img4590.png,1
img1686.png,img5057.png,1
img1686.png,img5173.png,1
img1686.png,img5180.png,1
img1686.png,img5249.png,1
img1686.png,img5279.png,1
img1686.png,img5366.png,1
img1686.png,img5367.png,1
img1686.png,img5527.png,1
img1686.png,img574.png,1
img1686.png,img597.png,0
img1686.png,img723.png,0
img1686.png,img759.png,1
img1686.png,img977.png,1
img1766.png,img1812.png,1
img1766.png,img1916.png,1
img1766.png,img2082.png,1
img1766.png,img2236.png,1
img1766.png,img2291.png,1
img1766.png,img2320.png,0
img1766.png,img2389.png,1
img1766.png,img2496.png,1
img1766.png,img2613.png,1
img1766.png,img2869.png,1
img1766.png,img2969.png,0
img1766.png,img3090.png,1
img1766.png,img3135.png,1
img1766.png,img3232.png,1
img1766.png,img3488.png,1
img1766.png,img3506.png,1
img1766.png,img375.png,0
img1766.png,img3843.png,1
img1766.png,img3907.png,1
img1766.png,img3979.png,1
img1766.png,img4048.png,1
img1766.png,img4147.png,1
img1766.png,img4433.png,1
img1766.png,img4590.png,1
img1766.png,img5057.png,1
img1766.png,img5173.png,1
img1766.png,img5180.png,1
img1766.png,img5249.png,1
img1766.png,img5279.png,1
img1766.png,img5366.png,1
img1766.png,img5367.png,1
img1766.png,img5527.png,1
img1766.png,img574.png,0
img1766.png,img597.png,0
img1766.png,img723.png,0
img1766.png,img759.png,0
img1766.png,img977.png,0
img1812.png,img1916.png,1
img1812.png,img2082.png,1
img1812.png,img2236.png,1
img1812.png,img2291.png,1
img1812.png,img2320.png,1
img1812.png,img2389.png,1
img1812.png,img2496.png,1
img1812.png,img2613.png,1
img1812.png,img2869.png,1
img1812.png,img2969.png,1
img1812.png,img3090.png,1
img1812.png,img3135.png,1
img1812.png,img3232.png,1
img1812.png,img3488.png,1
img1812.png,img3506.png,1
img1812.png,img375.png,0
img1812.png,img3843.png,0
img1812.png,img3907.png,1
img1812.png,img3979.png,1
img1812.png,img4048.png,1
img1812.png,img4147.png,1
img1812.png,img4433.png,1
img1812.png,img4590.png,1
img1812.png,img5057.png,1
img1812.png,img5173.png,1
img1812.png,img5180.png,1
img1812.png,img5249.png,1
img1812.png,img5279.png,1
img1812.png,img5366.png,1
img1812.png,img5367.png,1
img1812.png,img5527.png,1
img1812.png,img574.png,0
img1812.png,img597.png,0
img1812.png,img723.png,0
img1812.png,img759.png,0
img1812.png,img977.png,1
img1916.png,img2082.png,1
img1916.png,img2236.png,1
img1916.png,img2291.png,1
img1916.png,img2320.png,0
img1916.png,img2389.png,0
img1916.png,img2496.png,1
img1916.png,img2613.png,1
img1916.png,img2869.png,1
img1916.png,img2969.png,0
img1916.png,img3090.png,1
img1916.png,img3135.png,1
img1916.png,img3232.png,1
img1916.png,img3488.png,0
img1916.png,img3506.png,0
img1916.png,img375.png,0
img1916.png,img3843.png,1
img1916.png,img3907.png,1
img1916.png,img3979.png,0
img1916.png,img4048.png,0
img1916.png,img4147.png,1
img1916.png,img4433.png,0
img1916.png,img4590.png,1
img1916.png,img5057.png,1
img1916.png,img5173.png,1
img1916.png,img5180.png,1
img1916.png,img5249.png,1
img1916.png,img5279.png,1
img1916.png,img5366.png,1
img1916.png,img5367.png,1
img1916.png,img5527.png,1
img1916.png,img574.png,0
img1916.png,img597.png,0
img1916.png,img723.png,0
img1916.png,img759.png,0
img1916.png,img977.png,0
img2082.png,img2236.png,1
img2082.png,img2291.png,1
img2082.png,img2320.png,0
img2082.png,img2389.png,1
img2082.png,img2496.png,1
img2082.png,img2613.png,1
img2082.png,img2869.png,1
img2082.png,img2969.png,0
img2082.png,img3090.png,0
img2082.png,img3135.png,1
img2082.png,img3232.png,1
img2082.png,img3488.png,0
img2082.png,img3506.png,1
img2082.png,img375.png,0
img2082.png,img3843.png,1
img2082.png,img3907.png,1
img2082.png,img3979.png,1
img2082.png,img4048.png,1
img2082.png,img4147.png,1
img2082.png,img4433.png,1
img2082.png,img4590.png,1
img2082.png,img5057.png,1
img2082.png,img5173.png,1
img2082.png,img5180.png,1
img2082.png,img5249.png,1
img2082.png,img5279.png,1
img2082.png,img5366.png,1
img2082.png,img5367.png,1
img2082.png,img5527.png,1
img2082.png,img574.png,0
img2082.png,img597.png,0
img2082.png,img723.png,0
img2082.png,img759.png,0
img2082.png,img977.png,0
img2236.png,img2291.png,0
img2236.png,img2320.png,0
img2236.png,img2389.png,0
img2236.png,img2496.png,1
img2236.png,img2613.png,1
img2236.png,img2869.png,1
img2236.png,img2969.png,0
img2236.png,img3090.png,1
img2236.png,img3135.png,1
img2236.png,img3232.png,1
img2236.png,img3488.png,0
img2236.png,img3506.png,1
img2236.png,img375.png,0
img2236.png,img3843.png,1
img2236.png,img3907.png,0
img2236.png,img3979.png,0
img2236.png,img4048.png,1
img2236.png,img4147.png,1
img2236.png,img4433.png,1
img2236.png,img4590.png,1
img2236.png,img5057.png,1
img2236.png,img5173.png,1
img2236.png,img5180.png,1
img2236.png,img5249.png,1
img2236.png,img5279.png,1
img2236.png,img5366.png,1
img2236.png,img5367.png,1
img2236.png,img5527.png,1
img2236.png,img574.png,0
img2236.png,img597.png,0
img2236.png,img723.png,0
img2236.png,img759.png,0
img2236.png,img977.png,0
img2291.png,img2320.png,1
img2291.png,img2389.png,1
img2291.png,img2496.png,1
img2291.png,img2613.png,1
img2291.png,img2869.png,1
img2291.png,img2969.png,0
img2291.png,img3090.png,1
img2291.png,img3135.png,1
img2291.png,img3232.png,1
img2291.png,img3488.png,1
img2291.png,img3506.png,1
img2291.png,img375.png,0
img2291.png,img3843.png,0
img2291.png,img3907.png,1
img2291.png,img3979.png,1
img2291.png,img4048.png,1
img2291.png,img4147.png,1
img2291.png,img4433.png,1
img2291.png,img4590.png,1
img2291.png,img5057.png,1
img2291.png,img5173.png,1
img2291.png,img5180.png,1
img2291.png,img5249.png,1
img2291.png,img5279.png,1
img2291.png,img5366.png,1
img2291.png,img5367.png,1
img2291.png,img5527.png,1
img2291.png,img574.png,0
img2291.png,img597.png,0
img2291.png,img723.png,0
img2291.png,img759.png,0
img2291.png,img977.png,0
img2320.png,img2389.png,1
img2320.png,img2496.png,1
img2320.png,img2613.png,1
img2320.png,img2869.png,1
img2320.png,img2969.png,1
img2320.png,img3090.png,1
img2320.png,img3135.png,1
img2320.png,img3232.png,1
img2320.png,img3488.png,1
img2320.png,img3506.png,1
img2320.png,img375.png,0
img2320.png,img3843.png,1
img2320.png,img3907.png,1
img2320.png,img3979.png,1
img2320.png,img4048.png,1
img2320.png,img4147.png,1
img2320.png,img4433.png,1
img2320.png,img4590.png,1
img2320.png,img5057.png,1
img2320.png,img5173.png,1
img2320.png,img5180.png,1
img2320.png,img5249.png,1
img2320.png,img5279.png,1
img2320.png,img5366.png,1
img2320.png,img5367.png,1
img2320.png,img5527.png,1
img2320.png,img574.png,0
img2320.png,img597.png,0
img2320.png,img723.png,0
img2320.png,img759.png,0
img2320.png,img977.png,0
img2389.png,img2496.png,1
img2389.png,img2613.png,1
img2389.png,img2869.png,1
img2389.png,img2969.png,0
img2389.png,img3090.png,1
img2389.png,img3135.png,1
img2389.png,img3232.png,1
img2389.png,img3488.png,0
img2389.png,img3506.png,1
img2389.png,img375.png,0
img2389.png,img3843.png,1
img2389.png,img3907.png,1
img2389.png,img3979.png,1
img2389.png,img4048.png,1
img2389.png,img4147.png,1
img2389.png,img4433.png,1
img2389.png,img4590.png,1
img2389.png,img5057.png,1
img2389.png,img5173.png,1
img2389.png,img5180.png,1
img2389.png,img5249.png,1
img2389.png,img5279.png,1
img2389.png,img5366.png,1
img2389.png,img5367.png,1
img2389.png,img5527.png,1
img2389.png,img574.png,0
img2389.png,img597.png,0
img2389.png,img723.png,0
img2389.png,img759.png,0
img2389.png,img977.png,0
img2496.png,img2613.png,1
img2496.png,img2869.png,0
img2496.png,img2969.png,0
img2496.png,img3090.png,0
img2496.png,img3135.png,0
img2496.png,img3232.png,1
img2496.png,img3488.png,0
img2496.png,img3506.png,0
img2496.png,img375.png,0
img2496.png,img3843.png,1
img2496.png,img3907.png,1
img2496.png,img3979.png,1
img2496.png,img4048.png,1
img2496.png,img4147.png,1
img2496.png,img4433.png,1
img2496.png,img4590.png,1
img2496.png,img5057.png,1
img2496.png,img5173.png,1
img2496.png,img5180.png,1
img2496.png,img5249.png,1
img2496.png,img5279.png,1
img2496.png,img5366.png,1
img2496.png,img5367.png,1
img2496.png,img5527.png,1
img2496.png,img574.png,0
img2496.png,img597.png,0
img2496.png,img723.png,0
img2496.png,img759.png,0
img2496.png,img977.png,0
img2613.png,img2869.png,0
img2613.png,img2969.png,0
img2613.png,img3090.png,0
img2613.png,img3135.png,0
img2613.png,img3232.png,0
img2613.png,img3488.png,0
img2613.png,img3506.png,0
img2613.png,img375.png,0
img2613.png,img3843.png,0
img2613.png,img3907.png,0
img2613.png,img3979.png,0
img2613.png,img4048.png,0
img2613.png,img4147.png,0
img2613.png,img4433.png,0
img2613.png,img4590.png,0
img2613.png,img5057.png,0
img2613.png,img5173.png,0
img2613.png,img5180.png,0
img2613.png,img5249.png,0
img2613.png,img5279.png,0
img2613.png,img5366.png,0
img2613.png,img5367.png,0
img2613.png,img5527.png,0
img2613.png,img574.png,0
img2613.png,img597.png,0
img2613.png,img723.png,0
img2613.png,img759.png,0
img2613.png,img977.png,0
img2869.png,img2969.png,0
img2869.png,img3090.png,1
img2869.png,img3135.png,1
img2869.png,img3232.png,1
img2869.png,img3488.png,0
img2869.png,img3506.png,1
img2869.png,img375.png,0
img2869.png,img3843.png,1
img2869.png,img3907.png,1
img2869.png,img3979.png,0
img2869.png,img4048.png,1
img2869.png,img4147.png,0
img2869.png,img4433.png,1
img2869.png,img4590.png,1
img2869.png,img5057.png,1
img2869.png,img5173.png,1
img2869.png,img5180.png,1
img2869.png,img5249.png,1
img2869.png,img5279.png,1
img2869.png,img5366.png,1
img2869.png,img5367.png,1
img2869.png,img5527.png,1
img2869.png,img574.png,0
img2869.png,img597.png,0
img2869.png,img723.png,0
img2869.png,img759.png,0
img2869.png,img977.png,0
img2969.png,img3090.png,1
img2969.png,img3135.png,1
img2969.png,img3232.png,1
img2969.png,img3488.png,1
img2969.png,img3506.png,1
img2969.png,img375.png,0
img2969.png,img3843.png,1
img2969.png,img3907.png,1
img2969.png,img3979.png,1
img2969.png,img4048.png,1
img2969.png,img4147.png,1
img2969.png,img4433.png,1
img2969.png,img4590.png,1
img2969.png,img5057.png,1
img2969.png,img5173.png,1
img2969.png,img5180.png,1
img2969.png,img5249.png,1
img2969.png,img5279.png,1
img2969.png,img5366.png,1
img2969.png,img5367.png,1
img2969.png,img5527.png,1
img2969.png,img574.png,1
img2969.png,img597.png,0
img2969.png,img723.png,0
img2969.png,img759.png,0
img2969.png,img977.png,0
img3090.png,img3135.png,0
img3090.png,img3232.png,1
img3090.png,img3488.png,0
img3090.png,img3506.png,0
img3090.png,img375.png,0
img3090.png,img3843.png,1
img3090.png,img3907.png,1
img3090.png,img3979.png,1
img3090.png,img4048.png,0
img3090.png,img4147.png,1
img3090.png,img4433.png,1
img3090.png,img4590.png,1
img3090.png,img5057.png,1
img3090.png,img5173.png,1
img3090.png,img5180.png,1
img3090.png,img5249.png,1
img3090.png,img5279.png,1
img3090.png,img5366.png,1
img3090.png,img5367.png,1
img3090.png,img5527.png,1
img3090.png,img574.png,0
img3090.png,img597.png,0
img3090.png,img723.png,0
img3090.png,img759.png,0
img3090.png,img977.png,0
img3135.png,img3232.png,1
img3135.png,img3488.png,0
img3135.png,img3506.png,1
img3135.png,img375.png,0
img3135.png,img3843.png,1
img3135.png,img3907.png,1
img3135.png,img3979.png,1
img3135.png,img4048.png,0
img3135.png,img4147.png,1
img3135.png,img4433.png,1
img3135.png,img4590.png,1
img3135.png,img5057.png,1
img3135.png,img5173.png,1
img3135.png,img5180.png,1
img3135.png,img5249.png,1
img3135.png,img5279.png,1
img3135.png,img5366.png,1
img3135.png,img5367.png,1
img3135.png,img5527.png,1
img3135.png,img574.png,0
img3135.png,img597.png,0
img3135.png,img723.png,0
img3135.png,img759.png,0
img3135.png,img977.png,0
img3232.png,img3488.png,0
img3232.png,img3506.png,0
img3232.png,img375.png,0
img3232.png,img3843.png,0
img3232.png,img3907.png,0
img3232.png,img3979.png,0
img3232.png,img4048.png,0
img3232.png,img4147.png,1
img3232.png,img4433.png,0
img3232.png,img4590.png,0
img3232.png,img5057.png,1
img3232.png,img5173.png,0
img3232.png,img5180.png,1
img3232.png,img5249.png,1
img3232.png,img5279.png,1
img3232.png,img5366.png,1
img3232.png,img5367.png,1
img3232.png,img5527.png,1
img3232.png,img574.png,0
img3232.png,img597.png,0
img3232.png,img723.png,0
img3232.png,img759.png,0
img3232.png,img977.png,0
img3488.png,img3506.png,1
img3488.png,img375.png,0
img3488.png,img3843.png,1
img3488.png,img3907.png,1
img3488.png,img3979.png,1
img3488.png,img4048.png,1
img3488.png,img4147.png,1
img3488.png,img4433.png,1
img3488.png,img4590.png,1
img3488.png,img5057.png,1
img3488.png,img5173.png,1
img3488.png,img5180.png,1
img3488.png,img5249.png,1
img3488.png,img5279.png,1
img3488.png,img5366.png,1
img3488.png,img5367.png,1
img3488.png,img5527.png,1
img3488.png,img574.png,0
img3488.png,img597.png,0
img3488.png,img723.png,0
img3488.png,img759.png,0
img3488.png,img977.png,0
img3506.png,img375.png,0
img3506.png,img3843.png,0
img3506.png,img3907.png,0
img3506.png,img3979.png,0
img3506.png,img4048.png,0
img3506.png,img4147.png,1
img3506.png,img4433.png,1
img3506.png,img4590.png,1
img3506.png,img5057.png,1
img3506.png,img5173.png,1
img3506.png,img5180.png,1
img3506.png,img5249.png,1
img3506.png,img5279.png,1
img3506.png,img5366.png,1
img3506.png,img5367.png,1
img3506.png,img5527.png,1
img3506.png,img574.png,0
img3506.png,img597.png,0
img3506.png,img723.png,0
img3506.png,img759.png,0
img3506.png,img977.png,0
img375.png,img3843.png,1
img375.png,img3907.png,1
img375.png,img3979.png,1
img375.png,img4048.png,1
img375.png,img4147.png,1
img375.png,img4433.png,1
img375.png,img4590.png,1
img375.png,img5057.png,1
img375.png,img5173.png,1
img375.png,img5180.png,1
img375.png,img5249.png,1
img375.png,img5279.png,1
img375.png,img5366.png,1
img375.png,img5367.png,1
img375.png,img5527.png,1
img375.png,img574.png,1
img375.png,img597.png,0
img375.png,img723.png,0
img375.png,img759.png,1
img375.png,img977.png,1
img3843.png,img3907.png,0
img3843.png,img3979.png,0
img3843.png,img4048.png,1
img3843.png,img4147.png,1
img3843.png,img4433.png,0
img3843.png,img4590.png,0
img3843.png,img5057.png,1
img3843.png,img5173.png,0
img3843.png,img5180.png,1
img3843.png,img5249.png,1
img3843.png,img5279.png,1
img3843.png,img5366.png,1
img3843.png,img5367.png,1
img3843.png,img5527.png,1
img3843.png,img574.png,0
img3843.png,img597.png,0
img3843.png,img723.png,0
img3843.png,img759.png,0
img3843.png,img977.png,0
img3907.png,img3979.png,0
img3907.png,img4048.png,0
img3907.png,img4147.png,0
img3907.png,img4433.png,0
img3907.png,img4590.png,1
img3907.png,img5057.png,0
img3907.png,img5173.png,0
img3907.png,img5180.png,0
img3907.png,img5249.png,1
img3907.png,img5279.png,1
img3907.png,img5366.png,1
img3907.png,img5367.png,1
img3907.png,img5527.png,1
img3907.png,img574.png,0
img3907.png,img597.png,0
img3907.png,img723.png,0
img3907.png,img759.png,0
img3907.png,img977.png,0
img3979.png,img4048.png,0
img3979.png,img4147.png,1
img3979.png,img4433.png,1
img3979.png,img4590.png,1
img3979.png,img5057.png,1
img3979.png,img5173.png,1
img3979.png,img5180.png,0
img3979.png,img5249.png,1
img3979.png,img5279.png,1
img3979.png,img5366.png,1
img3979.png,img5367.png,1
img3979.png,img5527.png,1
img3979.png,img574.png,0
img3979.png,img597.png,0
img3979.png,img723.png,0
img3979.png,img759.png,0
img3979.png,img977.png,0
img4048.png,img4147.png,1
img4048.png,img4433.png,0
img4048.png,img4590.png,1
img4048.png,img5057.png,1
img4048.png,img5173.png,1
img4048.png,img5180.png,1
img4048.png,img5249.png,1
img4048.png,img5279.png,1
img4048.png,img5366.png,1
img4048.png,img5367.png,1
img4048.png,img5527.png,1
img4048.png,img574.png,0
img4048.png,img597.png,0
img4048.png,img723.png,0
img4048.png,img759.png,0
img4048.png,img977.png,0
img4147.png,img4433.png,0
img4147.png,img4590.png,0
img4147.png,img5057.png,0
img4147.png,img5173.png,0
img4147.png,img5180.png,0
img4147.png,img5249.png,0
img4147.png,img5279.png,0
img4147.png,img5366.png,0
img4147.png,img5367.png,0
img4147.png,img5527.png,0
img4147.png,img574.png,0
img4147.png,img597.png,0
img4147.png,img723.png,0
img4147.png,img759.png,0
img4147.png,img977.png,0
img4433.png,img4590.png,1
img4433.png,img5057.png,1
img4433.png,img5173.png,1
img4433.png,img5180.png,1
img4433.png,img5249.png,1
img4433.png,img5279.png,1
img4433.png,img5366.png,1
img4433.png,img5367.png,1
img4433.png,img5527.png,1
img4433.png,img574.png,0
img4433.png,img597.png,0
img4433.png,img723.png,0
img4433.png,img759.png,0
img4433.png,img977.png,0
img4590.png,img5057.png,1
img4590.png,img5173.png,1
img4590.png,img5180.png,1
img4590.png,img5249.png,1
img4590.png,img5279.png,1
img4590.png,img5366.png,1
img4590.png,img5367.png,1
img4590.png,img5527.png,1
img4590.png,img574.png,0
img4590.png,img597.png,0
img4590.png,img723.png,0
img4590.png,img759.png,0
img4590.png,img977.png,0
img5057.png,img5173.png,1
img5057.png,img5180.png,1
img5057.png,img5249.png,1
img5057.png,img5279.png,1
img5057.png,img5366.png,1
img5057.png,img5367.png,1
img5057.png,img5527.png,1
img5057.png,img574.png,0
img5057.png,img597.png,0
img5057.png,img723.png,0
img5057.png,img759.png,0
img5057.png,img977.png,0
img5173.png,img5180.png,1
img5173.png,img5249.png,1
img5173.png,img5279.png,1
img5173.png,img5366.png,1
img5173.png,img5367.png,1
img5173.png,img5527.png,1
img5173.png,img574.png,0
img5173.png,img597.png,0
img5173.png,img723.png,0
img5173.png,img759.png,0
img5173.png,img977.png,0
img5180.png,img5249.png,1
img5180.png,img5279.png,1
img5180.png,img5366.png,1
img5180.png,img5367.png,1
img5180.png,img5527.png,1
img5180.png,img574.png,0
img5180.png,img597.png,0
img5180.png,img723.png,0
img5180.png,img759.png,0
img5180.png,img977.png,0
img5249.png,img5279.png,0
img5249.png,img5366.png,0
img5249.png,img5367.png,1
img5249.png,img5527.png,1
img5249.png,img574.png,0
img5249.png,img597.png,0
img5249.png,img723.png,0
img5249.png,img759.png,0
img5249.png,img977.png,0
img5279.png,img5366.png,1
img5279.png,img5367.png,0
img5279.png,img5527.png,1
img5279.png,img574.png,0
img5279.png,img597.png,0
img5279.png,img723.png,0
img5279.png,img759.png,0
img5279.png,img977.png,0
img5366.png,img5367.png,1
img5366.png,img5527.png,1
img5366.png,img574.png,0
img5366.png,img597.png,0
img5366.png,img723.png,0
img5366.png,img759.png,0
img5366.png,img977.png,0
img5367.png,img5527.png,1
img5367.png,img574.png,0
img5367.png,img597.png,0
img5367.png,img723.png,0
img5367.png,img759.png,0
img5367.png,img977.png,0
img5527.png,img574.png,0
img5527.png,img597.png,0
img5527.png,img723.png,0
img5527.png,img759.png,0
img5527.png,img977.png,0
img574.png,img597.png,1
img574.png,img723.png,0
img574.png,img759.png,1
img574.png,img977.png,1
img597.png,img723.png,0
img597.png,img759.png,1
img597.png,img977.png,1
img723.png,img759.png,1
img723.png,img977.png,1
img759.png,img977.png,0
